id;technical_request_id;data_location_path;data_refresh_frequency;target_ingestion_start_date;target_ingestion_end_date;target_path;dataset_type_ingestion_ref;guest_users_email;whitelist_ip_addresses;external_staging_container_name;external_data_source_location;gsk_access_source_location_ref;external_source_secret_key_name;domain_request_id;existing_data_location_identified;created_by;created_date;modified_by;modified_date;ingestion_request_id_id
1;31130;Credit Card Account;morph Administrator bypassing;2024-05-19;2024-05-20;Dong;haptic;card;multi-byte;Universal;supply-chains Licensed connecting;Sleek Rubber Computer Solutions;invoice Cambridgeshire;Secured olive;Shirt next-generation;Legacy efficient Exclusive;2024-05-19T14:38:01;object-oriented;2024-05-19T13:37:25;1
2;85117;New Leu primary;Savings Account Landing Delaware;2024-05-20;2024-05-20;SCSI Field Bermuda;Home;Phased sky blue;Exclusive benchmark;Sleek Wooden Chips bi-directional;Russian Ruble deploy;Roads feed;Director;bypassing;array Virginia;bypass;2024-05-20T03:00:31;invoice;2024-05-19T19:04:05;2
3;19186;framework Future-proofed;Checking Account convergence;2024-05-19;2024-05-20;primary Profit-focused Ethiopia;Credit Card Account Pataca Function-based;collaboration Aruban Guilder;reintermediate efficient Producer;Hill Awesome Rubber Computer;Directives payment override;Indonesia;content;back up B2C invoice;Via enhance Cotton;Chair Producer Accounts;2024-05-19T20:24:26;quantifying;2024-05-19T20:51:47;3
4;9292;Cloned 1080p;Rubber connecting back-end;2024-05-19;2024-05-20;Plastic;encompassing;evolve plug-and-play;Lithuania;navigating;Village;XML Sausages;Borders Planner navigating;Cambridgeshire;Granite quantifying;CFA Franc BEAC Syrian Arab Republic;2024-05-19T16:03:07;Soft orange bypassing;2024-05-20T01:37:31;4
5;40298;Keyboard;Future-proofed Metrics North Carolina;2024-05-19;2024-05-19;Granite FTP;Investment Account Rubber Legacy;Gloves Cambridgeshire revolutionize;withdrawal;Sleek Steel Hat;Versatile;San Marino;Cotton Money Market Account Optimization;solutions Refined deposit;Kids;withdrawal Shirt;2024-05-20T07:53:37;digital Ferry;2024-05-20T07:58:12;5
6;48460;bypass Credit Card Account website;Devolved Steel;2024-05-20;2024-05-19;attitude-oriented;Saudi Riyal;Home Loan Account;Manager open-source;orange Soap;Suriname models;optical;Ports pink;Iraq Buckinghamshire;interface;Supervisor Inverse Granite;2024-05-19T23:19:13;open-source;2024-05-19T19:23:41;6
7;76028;Concrete Nepal pink;overriding;2024-05-19;2024-05-19;primary;Sleek Cotton Computer intermediate withdrawal;compressing Rustic;Wooden FTP;alarm;cross-platform Investment Account;Key mobile Direct;Licensed withdrawal Quality;markets Extended programming;Triple-buffered;Stream withdrawal withdrawal;2024-05-19T11:53:00;deposit Personal Loan Account;2024-05-20T07:45:59;7
8;45061;GB Handmade;Berkshire Aruban Guilder Small Steel Fish;2024-05-19;2024-05-19;primary;Books;Buckinghamshire facilitate Green;holistic reboot invoice;e-business;Awesome invoice;Gorgeous Cotton Chair Ergonomic Cambridgeshire;regional compress Personal Loan Account;Djibouti Franc Music;Money Market Account;Generic Frozen Hat Camp Principal;2024-05-20T01:37:58;Plastic Wall Rubber;2024-05-19T21:42:06;8
9;58242;generate bluetooth deposit;Incredible Wooden Sausages;2024-05-19;2024-05-20;seize;Japan maximize;Response;Research;tan TCP invoice;New Taiwan Dollar;SCSI;Universal Egypt invoice;Wall;input Rhode Island Tuna;Gloves;2024-05-19T20:17:08;Engineer Operations Handmade Wooden Computer;2024-05-20T06:12:16;9
10;68529;Licensed Manager Borders;copying;2024-05-19;2024-05-19;quantify generate;array Delaware;Refined New York PNG;Keyboard Overpass;open-source;circuit Engineer Intelligent;SAS deposit;Saint Barthelemy;generating Savings Account Indian Rupee;haptic Macedonia;synthesizing;2024-05-19T13:12:26;calculating;2024-05-20T09:06:04;10
